instructions.started,instructions.stopped,key_resp.keys,key_resp.rt,key_resp.duration,participant,session,"please enter F(female), M(male), O(other)",please enter your age,date,expName,psychopyVersion,OS,frameRate,fixation.started,fixation.stopped,trial.started,trial.stopped,mouse.x,Selected Match,mouse.y,mouse.leftButton,mouse.midButton,mouse.rightButton,mouse.time,trials.thisRepN,trials.thisTrialN,trials.thisN,trials.thisIndex,trials.ran,NAME,DURATION
12.679,60.884,m,48.09,,220497,001,,,2026-05-11_14h26.45.540,RUN_BETA,2026.1.0,MacIntel,52.63157895,,,,,,,,,,,,,,,,,,
,,,,,220497,001,,,2026-05-11_14h26.45.540,RUN_BETA,2026.1.0,MacIntel,52.63157895,60.91,61.379,61.38,64.046,[-0.33],6,[-0.35333333333333333],[1],[0],[0],[2.664999999999992],0,0,0,59,1,r1b2s10.png,92
,,,,,220497,001,,,2026-05-11_14h26.45.540,RUN_BETA,2026.1.0,MacIntel,52.63157895,64.046,64.545,64.546,66.349,[-0.31],6,[-0.3466666666666667],[1],[0],[0],[1.8029999999999973],0,1,1,18,1,r1b2s9.png,50
,,,,,220497,001,,,2026-05-11_14h26.45.540,RUN_BETA,2026.1.0,MacIntel,52.63157895,66.349,66.846,66.846,70.746,[0.3888888888888889],15,[-0.3655555555555556],[1],[0],[0],[3.899000000000001],0,2,2,206,1,r1b1s7.png,1081
,,,,,220497,001,,,2026-05-11_14h26.45.540,RUN_BETA,2026.1.0,MacIntel,52.63157895,70.746,71.245,71.246,73.896,[0.3511111111111111],15,[-0.35],[1],[0],[0],[2.649000000000001],0,3,3,135,1,r1b2s6.png,316
,,,,,220497,001,,,2026-05-11_14h26.45.540,RUN_BETA,2026.1.0,MacIntel,52.63157895,73.896,74.396,74.396,76.312,[0.03111111111111111],10,[-0.3522222222222222],[1],[0],[0],[1.916000000000011],0,4,4,116,1,r2b2s7.png,171
,,,,,220497,001,,,2026-05-11_14h26.45.540,RUN_BETA,2026.1.0,MacIntel,52.63157895,76.312,76.812,76.812,79.029,[-0.03777777777777778],9,[-0.34444444444444444],[1],[0],[0],[2.2169999999999987],0,5,5,126,1,r1b1s7.png,316
,,,,,220497,001,,,2026-05-11_14h26.45.540,RUN_BETA,2026.1.0,MacIntel,52.63157895,79.029,79.529,79.529,81.029,[0.012222222222222223],10,[-0.3466666666666667],[1],[0],[0],[1.4989999999999952],0,6,6,157,1,r2b2s8.png,316
,,,,,220497,001,,,2026-05-11_14h26.45.540,RUN_BETA,2026.1.0,MacIntel,52.63157895,81.029,81.529,81.529,85.729,[-0.19],7,[-0.3511111111111111],[1],[0],[0],[4.200000000000017],0,7,7,257,1,r1b2s8.png,2000
,,,,,220497,001,,,2026-05-11_14h26.45.540,RUN_BETA,2026.1.0,MacIntel,52.63157895,85.729,86.229,86.229,89.429,[0.3377777777777778],15,[-0.35777777777777775],[1],[0],[0],[3.1999999999999744],0,8,8,209,1,r1b1s10.png,1081
,,,,,220497,001,,,2026-05-11_14h26.45.540,RUN_BETA,2026.1.0,MacIntel,52.63157895,89.429,89.929,89.929,91.645,[0.3377777777777778],15,[-0.35777777777777775],[1],[0],[0],[1.7160000000000082],0,9,9,89,1,r1b1s10.png,171
,,,,,220497,001,,,2026-05-11_14h26.45.540,RUN_BETA,2026.1.0,MacIntel,52.63157895,91.645,92.145,92.145,94.312,[-0.24555555555555555],7,[-0.34444444444444444],[1],[0],[0],[2.1670000000000016],0,10,10,191,1,r2b2s2.png,585
,,,,,220497,001,,,2026-05-11_14h26.45.540,RUN_BETA,2026.1.0,MacIntel,52.63157895,94.312,94.812,94.812,95.912,[-0.24555555555555555],7,[-0.34444444444444444],[1],[0],[0],[1.0999999999999943],0,11,11,93,1,r1b2s4.png,171
,,,,,220497,001,,,2026-05-11_14h26.45.540,RUN_BETA,2026.1.0,MacIntel,52.63157895,95.912,96.412,96.412,97.728,[-0.24555555555555555],7,[-0.34444444444444444],[1],[0],[0],[1.3160000000000025],0,12,12,155,1,r2b2s6.png,316
,,,,,220497,001,,,2026-05-11_14h26.45.540,RUN_BETA,2026.1.0,MacIntel,52.63157895,97.729,98.228,98.229,99.479,[-0.24555555555555555],7,[-0.34444444444444444],[1],[0],[0],[1.25],0,13,13,137,1,r1b2s8.png,316
,,,,,220497,001,,,2026-05-11_14h26.45.540,RUN_BETA,2026.1.0,MacIntel,52.63157895,99.479,99.979,99.979,101.513,[-0.25666666666666665],7,[-0.34555555555555556],[1],[0],[0],[1.532999999999987],0,14,14,68,1,r2b1s9.png,92
,,,,,220497,001,,,2026-05-11_14h26.45.540,RUN_BETA,2026.1.0,MacIntel,52.63157895,101.513,102.011,102.012,103.113,[-0.25666666666666665],7,[-0.34555555555555556],[1],[0],[0],[1.0999999999999943],0,15,15,37,1,r2b2s8.png,50
,,,,,220497,001,,,2026-05-11_14h26.45.540,RUN_BETA,2026.1.0,MacIntel,52.63157895,103.113,103.612,103.612,106.195,[0.46],16,[-0.3611111111111111],[1],[0],[0],[2.5829999999999984],0,16,16,168,1,r1b1s9.png,585
,,,,,220497,001,,,2026-05-11_14h26.45.540,RUN_BETA,2026.1.0,MacIntel,52.63157895,106.195,106.696,106.696,108.295,[0.5577777777777778],18,[-0.36333333333333334],[1],[0],[0],[1.5989999999999895],0,17,17,163,1,r1b1s4.png,585
,,,,,220497,001,,,2026-05-11_14h26.45.540,RUN_BETA,2026.1.0,MacIntel,52.63157895,108.295,108.795,108.795,110.478,[0.6622222222222223],19,[-0.35777777777777775],[1],[0],[0],[1.683000000000007],0,18,18,182,1,r2b1s3.png,585
,,,,,220497,001,,,2026-05-11_14h26.45.540,RUN_BETA,2026.1.0,MacIntel,52.63157895,110.478,110.978,110.979,113.646,[0.63],19,[-0.3688888888888889],[1],[0],[0],[2.6659999999999826],0,19,19,57,1,r1b2s8.png,92
,,,,,220497,001,,,2026-05-11_14h26.45.540,RUN_BETA,2026.1.0,MacIntel,52.63157895,113.646,114.145,114.145,117.579,[0.32222222222222224],14,[-0.35777777777777775],[1],[0],[0],[3.4339999999999975],0,20,20,202,1,r1b1s3.png,1081
,,,,,220497,001,,,2026-05-11_14h26.45.540,RUN_BETA,2026.1.0,MacIntel,52.63157895,117.579,118.078,118.078,119.579,[0.13555555555555557],12,[-0.3622222222222222],[1],[0],[0],[1.5010000000000048],0,21,21,47,1,r1b1s8.png,92
,,,,,220497,001,,,2026-05-11_14h26.45.540,RUN_BETA,2026.1.0,MacIntel,52.63157895,119.579,120.078,120.079,124.078,[-0.34],5,[-0.34444444444444444],[1],[0],[0],[3.9989999999999952],0,22,22,263,1,r2b1s4.png,2000
,,,,,220497,001,,,2026-05-11_14h26.45.540,RUN_BETA,2026.1.0,MacIntel,52.63157895,124.078,124.578,124.579,126.161,[-0.15333333333333332],8,[-0.35444444444444445],[1],[0],[0],[1.5819999999999936],0,23,23,87,1,r1b1s8.png,171
,,,,,220497,001,,,2026-05-11_14h26.45.540,RUN_BETA,2026.1.0,MacIntel,52.63157895,126.162,126.662,126.662,129.861,[0.5666666666666667],18,[-0.3477777777777778],[1],[0],[0],[3.1990000000000123],0,24,24,262,1,r2b1s3.png,2000
,,,,,220497,001,,,2026-05-11_14h26.45.540,RUN_BETA,2026.1.0,MacIntel,52.63157895,129.862,130.362,130.363,132.328,[0.19444444444444445],13,[-0.3422222222222222],[1],[0],[0],[1.9650000000000034],0,25,25,81,1,r1b1s2.png,171
,,,,,220497,001,,,2026-05-11_14h26.45.540,RUN_BETA,2026.1.0,MacIntel,52.63157895,132.328,132.828,132.828,134.628,[0.35888888888888887],15,[-0.3411111111111111],[1],[0],[0],[1.799999999999983],0,26,26,2,1,r1b1s3.png,50
,,,,,220497,001,,,2026-05-11_14h26.45.540,RUN_BETA,2026.1.0,MacIntel,52.63157895,134.628,135.128,135.128,136.861,[0.10111111111111111],11,[-0.3522222222222222],[1],[0],[0],[1.733000000000004],0,27,27,83,1,r1b1s4.png,171
,,,,,220497,001,,,2026-05-11_14h26.45.540,RUN_BETA,2026.1.0,MacIntel,52.63157895,136.862,137.362,137.362,140.778,[0.044444444444444446],11,[-0.3711111111111111],[1],[0],[0],[3.415999999999997],0,28,28,249,1,r1b1s10.png,2000
,,,,,220497,001,,,2026-05-11_14h26.45.540,RUN_BETA,2026.1.0,MacIntel,52.63157895,140.779,141.278,141.278,142.961,[0.06444444444444444],11,[-0.3711111111111111],[1],[0],[0],[1.6829999999999927],0,29,29,98,1,r1b2s9.png,171
,,,,,220497,001,,,2026-05-11_14h26.45.540,RUN_BETA,2026.1.0,MacIntel,52.63157895,142.961,143.461,143.461,145.678,[0.5055555555555555],17,[-0.3711111111111111],[1],[0],[0],[2.217000000000013],0,30,30,222,1,r2b1s3.png,1081
,,,,,220497,001,,,2026-05-11_14h26.45.540,RUN_BETA,2026.1.0,MacIntel,52.63157895,145.679,146.178,146.178,147.228,[0.5533333333333333],18,[-0.3622222222222222],[1],[0],[0],[1.0500000000000114],0,31,31,86,1,r1b1s7.png,171
,,,,,220497,001,,,2026-05-11_14h26.45.540,RUN_BETA,2026.1.0,MacIntel,52.63157895,147.228,147.727,147.728,149.661,[0.4666666666666667],16,[-0.3322222222222222],[1],[0],[0],[1.9329999999999927],0,32,32,229,1,r2b1s10.png,1081
,,,,,220497,001,,,2026-05-11_14h26.45.540,RUN_BETA,2026.1.0,MacIntel,52.63157895,149.662,150.162,150.162,151.528,[0.31222222222222223],14,[-0.3466666666666667],[1],[0],[0],[1.3660000000000139],0,33,33,134,1,r1b2s5.png,316
,,,,,220497,001,,,2026-05-11_14h26.45.540,RUN_BETA,2026.1.0,MacIntel,52.63157895,151.528,152.028,152.028,154.411,[-0.5122222222222222],3,[-0.3566666666666667],[1],[0],[0],[2.3830000000000098],0,34,34,174,1,r1b2s5.png,585
,,,,,220497,001,,,2026-05-11_14h26.45.540,RUN_BETA,2026.1.0,MacIntel,52.63157895,154.411,154.911,154.911,156.611,[0.36333333333333334],15,[-0.3433333333333333],[1],[0],[0],[1.6999999999999886],0,35,35,189,1,r2b1s10.png,585
,,,,,220497,001,,,2026-05-11_14h26.45.540,RUN_BETA,2026.1.0,MacIntel,52.63157895,156.611,157.111,157.112,159.228,[-0.18333333333333332],8,[-0.3411111111111111],[1],[0],[0],[2.116000000000014],0,36,36,173,1,r1b2s4.png,585
,,,,,220497,001,,,2026-05-11_14h26.45.540,RUN_BETA,2026.1.0,MacIntel,52.63157895,159.228,159.727,159.728,161.711,[-0.17777777777777778],8,[-0.3411111111111111],[1],[0],[0],[1.9829999999999757],0,37,37,197,1,r2b2s8.png,585
,,,,,220497,001,,,2026-05-11_14h26.45.540,RUN_BETA,2026.1.0,MacIntel,52.63157895,161.711,162.211,162.211,163.847,[-0.07777777777777778],9,[-0.3566666666666667],[1],[0],[0],[1.6350000000000193],0,38,38,183,1,r2b1s4.png,585
,,,,,220497,001,,,2026-05-11_14h26.45.540,RUN_BETA,2026.1.0,MacIntel,52.63157895,163.847,164.345,164.345,165.795,[0.2688888888888889],14,[-0.36444444444444446],[1],[0],[0],[1.4499999999999886],0,39,39,44,1,r1b1s5.png,92
,,,,,220497,001,,,2026-05-11_14h26.45.540,RUN_BETA,2026.1.0,MacIntel,52.63157895,165.795,166.294,166.295,168.195,[0.042222222222222223],11,[-0.35555555555555557],[1],[0],[0],[1.9000000000000057],0,40,40,169,1,r1b1s10.png,585
,,,,,220497,001,,,2026-05-11_14h26.45.540,RUN_BETA,2026.1.0,MacIntel,52.63157895,168.195,168.694,168.694,171.877,[-0.025555555555555557],10,[-0.3566666666666667],[1],[0],[0],[3.183000000000021],0,41,41,240,1,r1b1s1.png,2000
,,,,,220497,001,,,2026-05-11_14h26.45.540,RUN_BETA,2026.1.0,MacIntel,52.63157895,171.878,172.378,172.378,173.861,[0.034444444444444444],10,[-0.35444444444444445],[1],[0],[0],[1.483000000000004],0,42,42,154,1,r2b2s5.png,316
,,,,,220497,001,,,2026-05-11_14h26.45.540,RUN_BETA,2026.1.0,MacIntel,52.63157895,173.861,174.361,174.361,177.563,[0.034444444444444444],10,[-0.35444444444444445],[1],[0],[0],[3.201999999999998],0,43,43,276,1,r2b2s7.png,2000
,,,,,220497,001,,,2026-05-11_14h26.45.540,RUN_BETA,2026.1.0,MacIntel,52.63157895,177.564,178.061,178.061,179.395,[-0.04111111111111111],9,[-0.3477777777777778],[1],[0],[0],[1.3329999999999984],0,44,44,29,1,r2b1s10.png,50
,,,,,220497,001,,,2026-05-11_14h26.45.540,RUN_BETA,2026.1.0,MacIntel,52.63157895,179.395,179.894,179.894,181.628,[-0.04],9,[-0.3422222222222222],[1],[0],[0],[1.7339999999999804],0,45,45,190,1,r2b2s1.png,585
,,,,,220497,001,,,2026-05-11_14h26.45.540,RUN_BETA,2026.1.0,MacIntel,52.63157895,181.628,182.127,182.128,183.561,[-0.04],9,[-0.3422222222222222],[1],[0],[0],[1.4330000000000211],0,46,46,199,1,r2b2s10.png,585
,,,,,220497,001,,,2026-05-11_14h26.45.540,RUN_BETA,2026.1.0,MacIntel,52.63157895,183.561,184.061,184.061,187.161,[-0.27],6,[-0.34444444444444444],[1],[0],[0],[3.0989999999999895],0,47,47,279,1,r2b2s10.png,2000
,,,,,220497,001,,,2026-05-11_14h26.45.540,RUN_BETA,2026.1.0,MacIntel,52.63157895,187.161,187.661,187.661,189.161,[-0.03111111111111111],10,[-0.35333333333333333],[1],[0],[0],[1.5],0,48,48,46,1,r1b1s7.png,92
,,,,,220497,001,,,2026-05-11_14h26.45.540,RUN_BETA,2026.1.0,MacIntel,52.63157895,189.161,189.661,189.661,190.761,[0.15],12,[-0.36666666666666664],[1],[0],[0],[1.0999999999999943],0,49,49,64,1,r2b1s5.png,92
,,,,,220497,001,,,2026-05-11_14h26.45.540,RUN_BETA,2026.1.0,MacIntel,52.63157895,190.761,191.261,191.261,192.777,[0.19111111111111112],13,[-0.36444444444444446],[1],[0],[0],[1.5159999999999911],0,50,50,195,1,r2b2s6.png,585
,,,,,220497,001,,,2026-05-11_14h26.45.540,RUN_BETA,2026.1.0,MacIntel,52.63157895,192.777,193.278,193.278,194.51,[0.27444444444444444],14,[-0.35777777777777775],[1],[0],[0],[1.2319999999999993],0,51,51,34,1,r2b2s5.png,50
,,,,,220497,001,,,2026-05-11_14h26.45.540,RUN_BETA,2026.1.0,MacIntel,52.63157895,194.511,195.011,195.011,196.727,[0.2611111111111111],14,[-0.3411111111111111],[1],[0],[0],[1.7160000000000082],0,52,52,148,1,r2b1s9.png,316
,,,,,220497,001,,,2026-05-11_14h26.45.540,RUN_BETA,2026.1.0,MacIntel,52.63157895,196.727,197.227,197.228,198.844,[-0.07888888888888888],9,[-0.3388888888888889],[1],[0],[0],[1.6159999999999854],0,53,53,194,1,r2b2s5.png,585
,,,,,220497,001,,,2026-05-11_14h26.45.540,RUN_BETA,2026.1.0,MacIntel,52.63157895,198.844,199.344,199.344,202.661,[-0.27555555555555555],6,[-0.37777777777777777],[1],[0],[0],[3.3160000000000025],0,54,54,253,1,r1b2s4.png,2000
,,,,,220497,001,,,2026-05-11_14h26.45.540,RUN_BETA,2026.1.0,MacIntel,52.63157895,202.661,203.161,203.161,204.228,[-0.17666666666666667],8,[-0.3388888888888889],[1],[0],[0],[1.0670000000000073],0,55,55,65,1,r2b1s6.png,92
,,,,,220497,001,,,2026-05-11_14h26.45.540,RUN_BETA,2026.1.0,MacIntel,52.63157895,204.228,204.727,204.727,205.977,[-0.10333333333333333],9,[-0.3411111111111111],[1],[0],[0],[1.25],0,56,56,153,1,r2b2s4.png,316
,,,,,220497,001,,,2026-05-11_14h26.45.540,RUN_BETA,2026.1.0,MacIntel,52.63157895,205.977,206.477,206.477,207.744,[-0.0011111111111111111],10,[-0.3477777777777778],[1],[0],[0],[1.266999999999996],0,57,57,70,1,r2b2s1.png,92
,,,,,220497,001,,,2026-05-11_14h26.45.540,RUN_BETA,2026.1.0,MacIntel,52.63157895,207.744,208.243,208.244,209.444,[0.22666666666666666],13,[-0.3711111111111111],[1],[0],[0],[1.1999999999999886],0,58,58,106,1,r2b1s7.png,171
,,,,,220497,001,,,2026-05-11_14h26.45.540,RUN_BETA,2026.1.0,MacIntel,52.63157895,209.444,209.943,209.943,210.86,[0.2788888888888889],14,[-0.3611111111111111],[1],[0],[0],[0.9170000000000016],0,59,59,25,1,r2b1s6.png,50
,,,,,220497,001,,,2026-05-11_14h26.45.540,RUN_BETA,2026.1.0,MacIntel,52.63157895,210.86,211.36,211.361,212.594,[0.25222222222222224],13,[-0.35555555555555557],[1],[0],[0],[1.2319999999999993],0,60,60,74,1,r2b2s5.png,92
,,,,,220497,001,,,2026-05-11_14h26.45.540,RUN_BETA,2026.1.0,MacIntel,52.63157895,212.594,213.094,213.094,214.277,[0.2811111111111111],14,[-0.34555555555555556],[1],[0],[0],[1.1829999999999927],0,61,61,32,1,r2b2s3.png,50
,,,,,220497,001,,,2026-05-11_14h26.45.540,RUN_BETA,2026.1.0,MacIntel,52.63157895,214.278,214.777,214.777,216.728,[0.4488888888888889],16,[-0.38],[1],[0],[0],[1.950000000000017],0,62,62,239,1,r2b2s10.png,1081
,,,,,220497,001,,,2026-05-11_14h26.45.540,RUN_BETA,2026.1.0,MacIntel,52.63157895,216.728,217.227,217.227,220.161,[0.5166666666666667],17,[-0.37333333333333335],[1],[0],[0],[2.9329999999999927],0,63,63,247,1,r1b1s8.png,2000
,,,,,220497,001,,,2026-05-11_14h26.45.540,RUN_BETA,2026.1.0,MacIntel,52.63157895,220.161,220.66,220.661,222.26,[0.37777777777777777],15,[-0.3322222222222222],[1],[0],[0],[1.5989999999999895],0,64,64,138,1,r1b2s9.png,316
,,,,,220497,001,,,2026-05-11_14h26.45.540,RUN_BETA,2026.1.0,MacIntel,52.63157895,222.26,222.76,222.761,224.144,[-0.1988888888888889],7,[-0.3333333333333333],[1],[0],[0],[1.382000000000005],0,65,65,141,1,r2b1s2.png,316
,,,,,220497,001,,,2026-05-11_14h26.45.540,RUN_BETA,2026.1.0,MacIntel,52.63157895,224.144,224.643,224.643,227.861,[-0.12333333333333334],8,[-0.3688888888888889],[1],[0],[0],[3.2169999999999845],0,66,66,274,1,r2b2s5.png,2000
,,,,,220497,001,,,2026-05-11_14h26.45.540,RUN_BETA,2026.1.0,MacIntel,52.63157895,227.861,228.36,228.36,230.793,[0.4088888888888889],16,[-0.3688888888888889],[1],[0],[0],[2.4329999999999927],0,67,67,207,1,r1b1s8.png,1081
,,,,,220497,001,,,2026-05-11_14h26.45.540,RUN_BETA,2026.1.0,MacIntel,52.63157895,230.794,231.293,231.294,233.027,[-0.4488888888888889],4,[-0.33666666666666667],[1],[0],[0],[1.733000000000004],0,68,68,121,1,r1b1s2.png,316
,,,,,220497,001,,,2026-05-11_14h26.45.540,RUN_BETA,2026.1.0,MacIntel,52.63157895,233.027,233.527,233.527,235.094,[0.14777777777777779],12,[-0.37],[1],[0],[0],[1.5660000000000025],0,69,69,122,1,r1b1s3.png,316
,,,,,220497,001,,,2026-05-11_14h26.45.540,RUN_BETA,2026.1.0,MacIntel,52.63157895,235.094,235.593,235.593,237.793,[0.43666666666666665],16,[-0.35888888888888887],[1],[0],[0],[2.1999999999999886],0,70,70,228,1,r2b1s9.png,1081
,,,,,220497,001,,,2026-05-11_14h26.45.540,RUN_BETA,2026.1.0,MacIntel,52.63157895,237.793,238.294,238.294,311.509,[0.12333333333333334],12,[-0.3466666666666667],[1],[0],[0],[73.21500000000006],0,71,71,20,1,r2b1s1.png,50
,,,,,220497,001,,,2026-05-11_14h26.45.540,RUN_BETA,2026.1.0,MacIntel,52.63157895,311.51,312.009,312.01,339.076,[0.2677777777777778],14,[-0.3566666666666667],[1],[0],[0],[27.064999999999998],0,72,72,139,1,r1b2s10.png,316
,,,,,220497,001,,,2026-05-11_14h26.45.540,RUN_BETA,2026.1.0,MacIntel,52.63157895,339.076,339.576,339.576,340.429,[0.2677777777777778],14,[-0.3566666666666667],[1],[0],[0],[0.8529999999999518],0,73,73,120,1,r1b1s1.png,316
,,,,,220497,001,,,2026-05-11_14h26.45.540,RUN_BETA,2026.1.0,MacIntel,52.63157895,340.429,340.925,340.925,342.342,[0.15666666666666668],12,[-0.3522222222222222],[1],[0],[0],[1.4169999999999732],0,74,74,101,1,r2b1s2.png,171
,,,,,220497,001,,,2026-05-11_14h26.45.540,RUN_BETA,2026.1.0,MacIntel,52.63157895,342.342,342.842,342.842,378.908,[0.15333333333333332],12,[-0.37777777777777777],[1],[0],[0],[36.06600000000003],0,75,75,158,1,r2b2s9.png,316
,,,,,220497,001,,,2026-05-11_14h26.45.540,RUN_BETA,2026.1.0,MacIntel,52.63157895,378.908,379.408,379.408,382.325,[0.08888888888888889],11,[-0.35444444444444445],[1],[0],[0],[2.915999999999997],0,76,76,258,1,r1b2s9.png,2000
,,,,,220497,001,,,2026-05-11_14h26.45.540,RUN_BETA,2026.1.0,MacIntel,52.63157895,382.325,382.824,382.824,383.941,[0.006666666666666667],10,[-0.3422222222222222],[1],[0],[0],[1.1169999999999618],0,77,77,94,1,r1b2s5.png,171
,,,,,220497,001,,,2026-05-11_14h26.45.540,RUN_BETA,2026.1.0,MacIntel,52.63157895,383.941,384.441,384.441,385.358,[0.04],11,[-0.3511111111111111],[1],[0],[0],[0.91700000000003],0,78,78,54,1,r1b2s5.png,92
,,,,,220497,001,,,2026-05-11_14h26.45.540,RUN_BETA,2026.1.0,MacIntel,52.63157895,385.358,385.858,385.858,386.925,[0.2911111111111111],14,[-0.36333333333333334],[1],[0],[0],[1.065999999999974],0,79,79,108,1,r2b1s9.png,171
,,,,,220497,001,,,2026-05-11_14h26.45.540,RUN_BETA,2026.1.0,MacIntel,52.63157895,386.925,387.425,387.425,388.292,[0.42333333333333334],16,[-0.35444444444444445],[1],[0],[0],[0.8669999999999618],0,80,80,4,1,r1b1s5.png,50
,,,,,220497,001,,,2026-05-11_14h26.45.540,RUN_BETA,2026.1.0,MacIntel,52.63157895,388.292,388.791,388.792,390.591,[0.19333333333333333],13,[-0.3411111111111111],[1],[0],[0],[1.799000000000035],0,81,81,212,1,r1b2s3.png,1081
,,,,,220497,001,,,2026-05-11_14h26.45.540,RUN_BETA,2026.1.0,MacIntel,52.63157895,390.592,391.091,391.091,392.841,[0.4922222222222222],17,[-0.36777777777777776],[1],[0],[0],[1.75],0,82,82,238,1,r2b2s9.png,1081
,,,,,220497,001,,,2026-05-11_14h26.45.540,RUN_BETA,2026.1.0,MacIntel,52.63157895,392.841,393.341,393.341,394.394,[0.39],15,[-0.3688888888888889],[1],[0],[0],[1.0529999999999973],0,83,83,109,1,r2b1s10.png,171
,,,,,220497,001,,,2026-05-11_14h26.45.540,RUN_BETA,2026.1.0,MacIntel,52.63157895,394.395,394.891,394.892,395.677,[0.43333333333333335],16,[-0.37333333333333335],[1],[0],[0],[0.7849999999999682],0,84,84,55,1,r1b2s6.png,92
,,,,,220497,001,,,2026-05-11_14h26.45.540,RUN_BETA,2026.1.0,MacIntel,52.63157895,395.678,396.175,396.175,396.791,[0.31222222222222223],14,[-0.3488888888888889],[1],[0],[0],[0.6159999999999854],0,85,85,51,1,r1b2s2.png,92
,,,,,220497,001,,,2026-05-11_14h26.45.540,RUN_BETA,2026.1.0,MacIntel,52.63157895,396.791,397.291,397.291,399.492,[0.28555555555555556],14,[-0.35777777777777775],[1],[0],[0],[2.1999999999999886],0,86,86,236,1,r2b2s7.png,1081
,,,,,220497,001,,,2026-05-11_14h26.45.540,RUN_BETA,2026.1.0,MacIntel,52.63157895,399.492,399.991,399.991,401.758,[0.6344444444444445],19,[-0.3522222222222222],[1],[0],[0],[1.766999999999996],0,87,87,187,1,r2b1s8.png,585
,,,,,220497,001,,,2026-05-11_14h26.45.540,RUN_BETA,2026.1.0,MacIntel,52.63157895,401.758,402.257,402.257,403.808,[-0.2111111111111111],7,[-0.3655555555555556],[1],[0],[0],[1.5509999999999877],0,88,88,103,1,r2b1s4.png,171
,,,,,220497,001,,,2026-05-11_14h26.45.540,RUN_BETA,2026.1.0,MacIntel,52.63157895,403.808,404.308,404.308,405.392,[-0.08777777777777777],9,[-0.3655555555555556],[1],[0],[0],[1.0830000000000268],0,89,89,118,1,r2b2s9.png,171
,,,,,220497,001,,,2026-05-11_14h26.45.540,RUN_BETA,2026.1.0,MacIntel,52.63157895,405.392,405.891,405.891,406.824,[-0.0011111111111111111],10,[-0.3655555555555556],[1],[0],[0],[0.9329999999999927],0,90,90,156,1,r2b2s7.png,316
,,,,,220497,001,,,2026-05-11_14h26.45.540,RUN_BETA,2026.1.0,MacIntel,52.63157895,406.824,407.325,407.325,408.643,[0.16],12,[-0.3788888888888889],[1],[0],[0],[1.3179999999999836],0,91,91,105,1,r2b1s6.png,171
,,,,,220497,001,,,2026-05-11_14h26.45.540,RUN_BETA,2026.1.0,MacIntel,52.63157895,408.644,409.141,409.141,412.391,[0.2733333333333333],14,[-0.33666666666666667],[1],[0],[0],[3.25],0,92,92,260,1,r2b1s1.png,2000
,,,,,220497,001,,,2026-05-11_14h26.45.540,RUN_BETA,2026.1.0,MacIntel,52.63157895,412.392,412.89,412.891,414.177,[0.3433333333333333],15,[-0.35888888888888887],[1],[0],[0],[1.2849999999999682],0,93,93,14,1,r1b2s5.png,50
,,,,,220497,001,,,2026-05-11_14h26.45.540,RUN_BETA,2026.1.0,MacIntel,52.63157895,414.177,414.674,414.675,415.675,[0.38666666666666666],15,[-0.36],[1],[0],[0],[1],0,94,94,33,1,r2b2s4.png,50
,,,,,220497,001,,,2026-05-11_14h26.45.540,RUN_BETA,2026.1.0,MacIntel,52.63157895,415.675,416.174,416.175,417.374,[0.5188888888888888],17,[-0.35],[1],[0],[0],[1.1990000000000123],0,95,95,125,1,r1b1s6.png,316
,,,,,220497,001,,,2026-05-11_14h26.45.540,RUN_BETA,2026.1.0,MacIntel,52.63157895,417.375,417.874,417.874,419.124,[0.45555555555555555],16,[-0.35555555555555557],[1],[0],[0],[1.25],0,96,96,13,1,r1b2s4.png,50
,,,,,220497,001,,,2026-05-11_14h26.45.540,RUN_BETA,2026.1.0,MacIntel,52.63157895,419.125,419.624,419.625,420.725,[0.5444444444444444],17,[-0.3688888888888889],[1],[0],[0],[1.0989999999999895],0,97,97,82,1,r1b1s3.png,171
,,,,,220497,001,,,2026-05-11_14h26.45.540,RUN_BETA,2026.1.0,MacIntel,52.63157895,420.725,421.225,421.225,422.141,[0.4855555555555556],17,[-0.36],[1],[0],[0],[0.9159999999999968],0,98,98,3,1,r1b1s4.png,50
,,,,,220497,001,,,2026-05-11_14h26.45.540,RUN_BETA,2026.1.0,MacIntel,52.63157895,422.141,422.641,422.641,423.741,[0.45555555555555555],16,[-0.35777777777777775],[1],[0],[0],[1.099999999999966],0,99,99,146,1,r2b1s7.png,316
,,,,,220497,001,,,2026-05-11_14h26.45.540,RUN_BETA,2026.1.0,MacIntel,52.63157895,423.741,424.241,424.241,425.291,[0.17333333333333334],12,[-0.33],[1],[0],[0],[1.0500000000000114],0,100,100,42,1,r1b1s3.png,92
,,,,,220497,001,,,2026-05-11_14h26.45.540,RUN_BETA,2026.1.0,MacIntel,52.63157895,425.291,425.791,425.791,427.707,[0.2644444444444444],14,[-0.34444444444444444],[1],[0],[0],[1.9159999999999968],0,101,101,208,1,r1b1s9.png,1081
,,,,,220497,001,,,2026-05-11_14h26.45.540,RUN_BETA,2026.1.0,MacIntel,52.63157895,427.708,428.207,428.207,429.708,[0.3233333333333333],14,[-0.3655555555555556],[1],[0],[0],[1.5010000000000332],0,102,102,160,1,r1b1s1.png,585
,,,,,220497,001,,,2026-05-11_14h26.45.540,RUN_BETA,2026.1.0,MacIntel,52.63157895,429.708,430.207,430.207,432.274,[0.33111111111111113],15,[-0.36777777777777776],[1],[0],[0],[2.0670000000000073],0,103,103,235,1,r2b2s6.png,1081
,,,,,220497,001,,,2026-05-11_14h26.45.540,RUN_BETA,2026.1.0,MacIntel,52.63157895,432.274,432.774,432.774,435.811,[0.4777777777777778],16,[-0.35444444444444445],[1],[0],[0],[3.0369999999999777],0,104,104,267,1,r2b1s8.png,2000
,,,,,220497,001,,,2026-05-11_14h26.45.540,RUN_BETA,2026.1.0,MacIntel,52.63157895,435.812,436.307,436.307,447.49,[0.42444444444444446],16,[-0.35444444444444445],[1],[0],[0],[11.182999999999993],0,105,105,41,1,r1b1s2.png,92
,,,,,220497,001,,,2026-05-11_14h26.45.540,RUN_BETA,2026.1.0,MacIntel,52.63157895,447.491,447.99,447.99,482.373,[0.42444444444444446],16,[-0.35],[1],[0],[0],[34.38299999999998],0,106,106,132,1,r1b2s3.png,316
,,,,,220497,001,,,2026-05-11_14h26.45.540,RUN_BETA,2026.1.0,MacIntel,52.63157895,482.374,482.873,482.873,483.64,[0.46444444444444444],16,[-0.3655555555555556],[1],[0],[0],[0.7669999999999959],0,107,107,76,1,r2b2s7.png,92
,,,,,220497,001,,,2026-05-11_14h26.45.540,RUN_BETA,2026.1.0,MacIntel,52.63157895,483.64,484.139,484.14,485.54,[0.4166666666666667],16,[-0.33666666666666667],[1],[0],[0],[1.3999999999999773],0,108,108,164,1,r1b1s5.png,585
,,,,,220497,001,,,2026-05-11_14h26.45.540,RUN_BETA,2026.1.0,MacIntel,52.63157895,485.54,486.04,486.04,487.973,[0.43555555555555553],16,[-0.34555555555555556],[1],[0],[0],[1.9330000000000496],0,109,109,218,1,r1b2s9.png,1081
,,,,,220497,001,,,2026-05-11_14h26.45.540,RUN_BETA,2026.1.0,MacIntel,52.63157895,487.974,488.473,488.474,489.957,[0.43444444444444447],16,[-0.3466666666666667],[1],[0],[0],[1.4820000000000277],0,110,110,186,1,r2b1s7.png,585
,,,,,220497,001,,,2026-05-11_14h26.45.540,RUN_BETA,2026.1.0,MacIntel,52.63157895,489.957,490.456,490.456,493.457,[0.44555555555555554],16,[-0.34444444444444444],[1],[0],[0],[3],0,111,111,241,1,r1b1s2.png,2000
,,,,,220497,001,,,2026-05-11_14h26.45.540,RUN_BETA,2026.1.0,MacIntel,52.63157895,493.457,493.956,493.956,592.139,[0.44222222222222224],16,[-0.39],[1],[0],[0],[98.18299999999999],0,112,112,230,1,r2b2s1.png,1081
,,,,,220497,001,,,2026-05-11_14h26.45.540,RUN_BETA,2026.1.0,MacIntel,52.63157895,592.139,592.639,592.639,599.005,[0.44222222222222224],16,[-0.38555555555555554],[1],[0],[0],[6.3659999999999854],0,113,113,227,1,r2b1s8.png,1081
,,,,,220497,001,,,2026-05-11_14h26.45.540,RUN_BETA,2026.1.0,MacIntel,52.63157895,599.005,599.505,599.505,607.055,[0.43777777777777777],16,[-0.3811111111111111],[1],[0],[0],[7.5499999999999545],0,114,114,234,1,r2b2s5.png,1081
,,,,,220497,001,,,2026-05-11_14h26.45.540,RUN_BETA,2026.1.0,MacIntel,52.63157895,607.055,607.554,607.555,610.772,[-0.12555555555555556],8,[-0.33555555555555555],[1],[0],[0],[3.2170000000000982],0,115,115,265,1,r2b1s6.png,2000
,,,,,220497,001,,,2026-05-11_14h26.45.540,RUN_BETA,2026.1.0,MacIntel,52.63157895,610.772,611.271,611.272,617.005,[-0.1],9,[-0.3488888888888889],[1],[0],[0],[5.732999999999947],0,116,116,31,1,r2b2s2.png,50
,,,,,220497,001,,,2026-05-11_14h26.45.540,RUN_BETA,2026.1.0,MacIntel,52.63157895,617.005,617.505,617.505,621.372,[-0.05],9,[-0.3688888888888889],[1],[0],[0],[3.866999999999962],0,117,117,214,1,r1b2s5.png,1081
,,,,,220497,001,,,2026-05-11_14h26.45.540,RUN_BETA,2026.1.0,MacIntel,52.63157895,621.372,621.872,621.872,623.721,[-0.05],9,[-0.3688888888888889],[1],[0],[0],[1.8490000000000464],0,118,118,100,1,r2b1s1.png,171
,,,,,220497,001,,,2026-05-11_14h26.45.540,RUN_BETA,2026.1.0,MacIntel,52.63157895,623.722,624.221,624.221,627.105,[-0.012222222222222223],10,[-0.35444444444444445],[1],[0],[0],[2.8840000000000146],0,119,119,143,1,r2b1s4.png,316
,,,,,220497,001,,,2026-05-11_14h26.45.540,RUN_BETA,2026.1.0,MacIntel,52.63157895,627.105,627.605,627.605,630.788,[-0.08444444444444445],9,[-0.3411111111111111],[1],[0],[0],[3.1829999999999927],0,120,120,237,1,r2b2s8.png,1081
,,,,,220497,001,,,2026-05-11_14h26.45.540,RUN_BETA,2026.1.0,MacIntel,52.63157895,630.788,631.288,631.288,656.038,[-0.10333333333333333],9,[-0.36444444444444446],[1],[0],[0],[24.75],0,121,121,79,1,r2b2s10.png,92
,,,,,220497,001,,,2026-05-11_14h26.45.540,RUN_BETA,2026.1.0,MacIntel,52.63157895,656.038,656.538,656.538,658.154,[-0.35777777777777775],5,[-0.3611111111111111],[1],[0],[0],[1.6159999999999854],0,122,122,185,1,r2b1s6.png,585
,,,,,220497,001,,,2026-05-11_14h26.45.540,RUN_BETA,2026.1.0,MacIntel,52.63157895,658.154,658.654,658.654,660.171,[-0.38],5,[-0.3466666666666667],[1],[0],[0],[1.516999999999939],0,123,123,165,1,r1b1s6.png,585
,,,,,220497,001,,,2026-05-11_14h26.45.540,RUN_BETA,2026.1.0,MacIntel,52.63157895,660.171,660.671,660.671,662.737,[0.3844444444444444],15,[-0.35888888888888887],[1],[0],[0],[2.066000000000031],0,124,124,192,1,r2b2s3.png,585
,,,,,220497,001,,,2026-05-11_14h26.45.540,RUN_BETA,2026.1.0,MacIntel,52.63157895,662.737,663.237,663.238,665.321,[0.4722222222222222],16,[-0.3422222222222222],[1],[0],[0],[2.08199999999988],0,125,125,48,1,r1b1s9.png,92
,,,,,220497,001,,,2026-05-11_14h26.45.540,RUN_BETA,2026.1.0,MacIntel,52.63157895,665.321,665.821,665.821,666.805,[0.3377777777777778],15,[-0.37],[1],[0],[0],[0.9829999999999472],0,126,126,7,1,r1b1s8.png,50
,,,,,220497,001,,,2026-05-11_14h26.45.540,RUN_BETA,2026.1.0,MacIntel,52.63157895,666.805,667.304,667.304,668.737,[0.4266666666666667],16,[-0.37555555555555553],[1],[0],[0],[1.4329999999999927],0,127,127,179,1,r1b2s10.png,585
,,,,,220497,001,,,2026-05-11_14h26.45.540,RUN_BETA,2026.1.0,MacIntel,52.63157895,668.738,669.237,669.237,670.054,[0.45222222222222225],16,[-0.3566666666666667],[1],[0],[0],[0.8170000000000073],0,128,128,23,1,r2b1s4.png,50
,,,,,220497,001,,,2026-05-11_14h26.45.540,RUN_BETA,2026.1.0,MacIntel,52.63157895,670.054,670.554,670.554,671.654,[0.39444444444444443],15,[-0.35555555555555557],[1],[0],[0],[1.1000000000000227],0,129,129,97,1,r1b2s8.png,171
,,,,,220497,001,,,2026-05-11_14h26.45.540,RUN_BETA,2026.1.0,MacIntel,52.63157895,671.654,672.154,672.154,675.054,[0.44222222222222224],16,[-0.3488888888888889],[1],[0],[0],[2.8999999999999773],0,130,130,244,1,r1b1s5.png,2000
,,,,,220497,001,,,2026-05-11_14h26.45.540,RUN_BETA,2026.1.0,MacIntel,52.63157895,675.054,675.554,675.555,678.171,[0.46555555555555556],16,[-0.35444444444444445],[1],[0],[0],[2.6159999999999854],0,131,131,217,1,r1b2s8.png,1081
,,,,,220497,001,,,2026-05-11_14h26.45.540,RUN_BETA,2026.1.0,MacIntel,52.63157895,678.171,678.671,678.671,680.688,[-0.34],5,[-0.34444444444444444],[1],[0],[0],[2.0160000000000764],0,132,132,180,1,r2b1s1.png,585
,,,,,220497,001,,,2026-05-11_14h26.45.540,RUN_BETA,2026.1.0,MacIntel,52.63157895,680.688,681.187,681.187,682.404,[-0.18333333333333332],8,[-0.3622222222222222],[1],[0],[0],[1.2169999999999845],0,133,133,5,1,r1b1s6.png,50
,,,,,220497,001,,,2026-05-11_14h26.45.540,RUN_BETA,2026.1.0,MacIntel,52.63157895,682.404,682.903,682.904,684.187,[-0.29333333333333333],6,[-0.35],[1],[0],[0],[1.2830000000000155],0,134,134,71,1,r2b2s2.png,92
,,,,,220497,001,,,2026-05-11_14h26.45.540,RUN_BETA,2026.1.0,MacIntel,52.63157895,684.187,684.687,684.688,688.304,[-0.024444444444444446],10,[-0.3566666666666667],[1],[0],[0],[3.6159999999999854],0,135,135,278,1,r2b2s9.png,2000
,,,,,220497,001,,,2026-05-11_14h26.45.540,RUN_BETA,2026.1.0,MacIntel,52.63157895,688.304,688.804,688.804,690.204,[0.042222222222222223],11,[-0.35444444444444445],[1],[0],[0],[1.3999999999999773],0,136,136,26,1,r2b1s7.png,50
,,,,,220497,001,,,2026-05-11_14h26.45.540,RUN_BETA,2026.1.0,MacIntel,52.63157895,690.204,690.704,690.704,694.987,[-0.5522222222222222],2,[-0.3488888888888889],[1],[0],[0],[4.2830000000000155],0,137,137,221,1,r2b1s2.png,1081
,,,,,220497,001,,,2026-05-11_14h26.45.540,RUN_BETA,2026.1.0,MacIntel,52.63157895,694.987,695.487,695.488,697.12,[-0.3088888888888889],6,[-0.35555555555555557],[1],[0],[0],[1.6319999999999482],0,138,138,35,1,r2b2s6.png,50
,,,,,220497,001,,,2026-05-11_14h26.45.540,RUN_BETA,2026.1.0,MacIntel,52.63157895,697.12,697.621,697.621,700.207,[-0.19444444444444445],7,[-0.37],[1],[0],[0],[2.5850000000000364],0,139,139,219,1,r1b2s10.png,1081
,,,,,220497,001,,,2026-05-11_14h26.45.540,RUN_BETA,2026.1.0,MacIntel,52.63157895,700.207,700.703,700.704,703.67,[0.4111111111111111],16,[-0.36777777777777776],[1],[0],[0],[2.966000000000008],0,140,140,225,1,r2b1s6.png,1081
,,,,,220497,001,,,2026-05-11_14h26.45.540,RUN_BETA,2026.1.0,MacIntel,52.63157895,703.671,704.17,704.17,707.004,[-0.3333333333333333],5,[-0.35444444444444445],[1],[0],[0],[2.8330000000000837],0,141,141,111,1,r2b2s2.png,171
,,,,,220497,001,,,2026-05-11_14h26.45.540,RUN_BETA,2026.1.0,MacIntel,52.63157895,707.004,707.504,707.504,709.52,[0.43],16,[-0.38],[1],[0],[0],[2.0159999999999627],0,142,142,119,1,r2b2s10.png,171
,,,,,220497,001,,,2026-05-11_14h26.45.540,RUN_BETA,2026.1.0,MacIntel,52.63157895,709.521,710.021,710.021,712.154,[-0.4766666666666667],4,[-0.3488888888888889],[1],[0],[0],[2.133000000000038],0,143,143,161,1,r1b1s2.png,585
,,,,,220497,001,,,2026-05-11_14h26.45.540,RUN_BETA,2026.1.0,MacIntel,52.63157895,712.154,712.653,712.653,715.937,[-0.5544444444444444],2,[-0.3522222222222222],[1],[0],[0],[3.283999999999992],0,144,144,231,1,r2b2s2.png,1081
,,,,,220497,001,,,2026-05-11_14h26.45.540,RUN_BETA,2026.1.0,MacIntel,52.63157895,715.937,716.437,716.437,717.87,[-0.44666666666666666],4,[-0.36666666666666664],[1],[0],[0],[1.4329999999999927],0,145,145,56,1,r1b2s7.png,92
,,,,,220497,001,,,2026-05-11_14h26.45.540,RUN_BETA,2026.1.0,MacIntel,52.63157895,717.87,718.37,718.37,719.553,[-0.31],6,[-0.39222222222222225],[1],[0],[0],[1.1829999999999927],0,146,146,30,1,r2b2s1.png,50
,,,,,220497,001,,,2026-05-11_14h26.45.540,RUN_BETA,2026.1.0,MacIntel,52.63157895,719.553,720.054,720.054,721.487,[-0.20222222222222222],7,[-0.38],[1],[0],[0],[1.4329999999999927],0,147,147,150,1,r2b2s1.png,316
,,,,,220497,001,,,2026-05-11_14h26.45.540,RUN_BETA,2026.1.0,MacIntel,52.63157895,721.487,721.986,721.987,723.77,[0.4688888888888889],16,[-0.37],[1],[0],[0],[1.7830000000000155],0,148,148,107,1,r2b1s8.png,171
,,,,,220497,001,,,2026-05-11_14h26.45.540,RUN_BETA,2026.1.0,MacIntel,52.63157895,723.77,724.27,724.27,725.903,[0.4688888888888889],16,[-0.37],[1],[0],[0],[1.6330000000000382],0,149,149,177,1,r1b2s8.png,585
,,,,,220497,001,,,2026-05-11_14h26.45.540,RUN_BETA,2026.1.0,MacIntel,52.63157895,725.903,726.403,726.404,728.07,[-0.34555555555555556],5,[-0.3488888888888889],[1],[0],[0],[1.66599999999994],0,150,150,88,1,r1b1s9.png,171
,,,,,220497,001,,,2026-05-11_14h26.45.540,RUN_BETA,2026.1.0,MacIntel,52.63157895,728.07,728.57,728.57,729.72,[-0.4911111111111111],3,[-0.3611111111111111],[1],[0],[0],[1.150000000000091],0,151,151,63,1,r2b1s4.png,92
,,,,,220497,001,,,2026-05-11_14h26.45.540,RUN_BETA,2026.1.0,MacIntel,52.63157895,729.72,730.219,730.22,733.82,[0.18555555555555556],13,[-0.3611111111111111],[1],[0],[0],[3.599999999999909],0,152,152,252,1,r1b2s3.png,2000
,,,,,220497,001,,,2026-05-11_14h26.45.540,RUN_BETA,2026.1.0,MacIntel,52.63157895,733.82,734.32,734.32,738.254,[0.39444444444444443],15,[-0.35555555555555557],[1],[0],[0],[3.9330000000001064],0,153,153,216,1,r1b2s7.png,1081
,,,,,220497,001,,,2026-05-11_14h26.45.540,RUN_BETA,2026.1.0,MacIntel,52.63157895,738.254,738.753,738.753,742.77,[-0.3277777777777778],6,[-0.3466666666666667],[1],[0],[0],[4.016999999999939],0,154,154,270,1,r2b2s1.png,2000
,,,,,220497,001,,,2026-05-11_14h26.45.540,RUN_BETA,2026.1.0,MacIntel,52.63157895,742.77,743.27,743.27,746.287,[-0.09111111111111111],9,[-0.3655555555555556],[1],[0],[0],[3.0160000000000764],0,155,155,60,1,r2b1s1.png,92
,,,,,220497,001,,,2026-05-11_14h26.45.540,RUN_BETA,2026.1.0,MacIntel,52.63157895,746.287,746.786,746.787,750.536,[-0.2511111111111111],7,[-0.36333333333333334],[1],[0],[0],[3.7490000000000236],0,156,156,261,1,r2b1s2.png,2000
,,,,,220497,001,,,2026-05-11_14h26.45.540,RUN_BETA,2026.1.0,MacIntel,52.63157895,750.536,751.036,751.036,808.535,[-0.2511111111111111],7,[-0.36333333333333334],[1],[0],[0],[57.49899999999991],0,157,157,142,1,r2b1s3.png,316
,,,,,220497,001,,,2026-05-11_14h26.45.540,RUN_BETA,2026.1.0,MacIntel,52.63157895,808.536,809.035,809.036,811.236,[-0.34555555555555556],5,[-0.33111111111111113],[1],[0],[0],[2.199999999999932],0,158,158,211,1,r1b2s2.png,1081
,,,,,220497,001,,,2026-05-11_14h26.45.540,RUN_BETA,2026.1.0,MacIntel,52.63157895,811.236,811.736,811.736,814.202,[-0.4],5,[-0.36333333333333334],[1],[0],[0],[2.466000000000008],0,159,159,223,1,r2b1s4.png,1081
,,,,,220497,001,,,2026-05-11_14h26.45.540,RUN_BETA,2026.1.0,MacIntel,52.63157895,814.202,814.702,814.702,815.986,[-0.47555555555555556],4,[-0.3566666666666667],[1],[0],[0],[1.2830000000000155],0,160,160,61,1,r2b1s2.png,92
,,,,,220497,001,,,2026-05-11_14h26.45.540,RUN_BETA,2026.1.0,MacIntel,52.63157895,815.986,816.486,816.486,817.885,[-0.22111111111111112],7,[-0.34444444444444444],[1],[0],[0],[1.399000000000001],0,161,161,110,1,r2b2s1.png,171
,,,,,220497,001,,,2026-05-11_14h26.45.540,RUN_BETA,2026.1.0,MacIntel,52.63157895,817.885,818.386,818.386,819.686,[-0.1322222222222222],8,[-0.3488888888888889],[1],[0],[0],[1.2990000000000919],0,162,162,40,1,r1b1s1.png,92
,,,,,220497,001,,,2026-05-11_14h26.45.540,RUN_BETA,2026.1.0,MacIntel,52.63157895,819.686,820.185,820.185,823.602,[0.20333333333333334],13,[-0.34444444444444444],[1],[0],[0],[3.4169999999999163],0,163,163,242,1,r1b1s3.png,2000
,,,,,220497,001,,,2026-05-11_14h26.45.540,RUN_BETA,2026.1.0,MacIntel,52.63157895,823.602,824.102,824.102,827.669,[0.3333333333333333],15,[-0.3566666666666667],[1],[0],[0],[3.5670000000000073],0,164,164,224,1,r2b1s5.png,1081
,,,,,220497,001,,,2026-05-11_14h26.45.540,RUN_BETA,2026.1.0,MacIntel,52.63157895,827.669,828.168,828.168,831.302,[0.3711111111111111],15,[-0.3511111111111111],[1],[0],[0],[3.1340000000000146],0,165,165,16,1,r1b2s7.png,50
,,,,,220497,001,,,2026-05-11_14h26.45.540,RUN_BETA,2026.1.0,MacIntel,52.63157895,831.302,831.802,831.802,833.185,[0.21],13,[-0.3688888888888889],[1],[0],[0],[1.3830000000000382],0,166,166,73,1,r2b2s4.png,92
,,,,,220497,001,,,2026-05-11_14h26.45.540,RUN_BETA,2026.1.0,MacIntel,52.63157895,833.185,833.685,833.685,835.719,[-0.024444444444444446],10,[-0.34],[1],[0],[0],[2.0329999999999018],0,167,167,1,1,r1b1s2.png,50
,,,,,220497,001,,,2026-05-11_14h26.45.540,RUN_BETA,2026.1.0,MacIntel,52.63157895,835.719,836.218,836.219,837.669,[0.34555555555555556],15,[-0.33555555555555555],[1],[0],[0],[1.449999999999818],0,168,168,52,1,r1b2s3.png,92
,,,,,220497,001,,,2026-05-11_14h26.45.540,RUN_BETA,2026.1.0,MacIntel,52.63157895,837.669,838.169,838.169,839.585,[-0.4033333333333333],5,[-0.2922222222222222],[1],[0],[0],[1.4160000000000537],0,169,169,58,1,r1b2s9.png,92
,,,,,220497,001,,,2026-05-11_14h26.45.540,RUN_BETA,2026.1.0,MacIntel,52.63157895,839.585,840.085,840.085,841.185,[-0.16],8,[-0.35444444444444445],[1],[0],[0],[1.1000000000000227],0,170,170,75,1,r2b2s6.png,92
,,,,,220497,001,,,2026-05-11_14h26.45.540,RUN_BETA,2026.1.0,MacIntel,52.63157895,841.185,841.685,841.686,843.002,[0.3611111111111111],15,[-0.33444444444444443],[1],[0],[0],[1.3159999999999172],0,171,171,17,1,r1b2s8.png,50
,,,,,220497,001,,,2026-05-11_14h26.45.540,RUN_BETA,2026.1.0,MacIntel,52.63157895,843.002,843.502,843.502,845.419,[-0.29333333333333333],6,[-0.3522222222222222],[1],[0],[0],[1.9160000000000537],0,172,172,123,1,r1b1s4.png,316
,,,,,220497,001,,,2026-05-11_14h26.45.540,RUN_BETA,2026.1.0,MacIntel,52.63157895,845.419,845.919,845.919,848.168,[-0.20222222222222222],7,[-0.38555555555555554],[1],[0],[0],[2.2490000000000236],0,173,173,166,1,r1b1s7.png,585
,,,,,220497,001,,,2026-05-11_14h26.45.540,RUN_BETA,2026.1.0,MacIntel,52.63157895,848.168,848.668,848.668,850.402,[0.49],17,[-0.35555555555555557],[1],[0],[0],[1.7340000000000373],0,174,174,172,1,r1b2s3.png,585
,,,,,220497,001,,,2026-05-11_14h26.45.540,RUN_BETA,2026.1.0,MacIntel,52.63157895,850.402,850.902,850.902,853.085,[-0.31666666666666665],6,[-0.3055555555555556],[1],[0],[0],[2.1829999999999927],0,175,175,198,1,r2b2s9.png,585
,,,,,220497,001,,,2026-05-11_14h26.45.540,RUN_BETA,2026.1.0,MacIntel,52.63157895,853.085,853.585,853.585,855.518,[0.26],14,[-0.35555555555555557],[1],[0],[0],[1.9329999999999927],0,176,176,69,1,r2b1s10.png,92
,,,,,220497,001,,,2026-05-11_14h26.45.540,RUN_BETA,2026.1.0,MacIntel,52.63157895,855.518,856.018,856.018,859.152,[0.4222222222222222],16,[-0.3488888888888889],[1],[0],[0],[3.1340000000000146],0,177,177,248,1,r1b1s9.png,2000
,,,,,220497,001,,,2026-05-11_14h26.45.540,RUN_BETA,2026.1.0,MacIntel,52.63157895,859.152,859.652,859.652,861.785,[0.33555555555555555],15,[-0.3655555555555556],[1],[0],[0],[2.131999999999948],0,178,178,178,1,r1b2s9.png,585
,,,,,220497,001,,,2026-05-11_14h26.45.540,RUN_BETA,2026.1.0,MacIntel,52.63157895,861.785,862.284,862.285,864.351,[0.3877777777777778],15,[-0.35],[1],[0],[0],[2.066000000000031],0,179,179,6,1,r1b1s7.png,50
,,,,,220497,001,,,2026-05-11_14h26.45.540,RUN_BETA,2026.1.0,MacIntel,52.63157895,864.351,864.852,864.852,866.285,[0.39666666666666667],15,[-0.3433333333333333],[1],[0],[0],[1.4320000000000164],0,180,180,131,1,r1b2s2.png,316
,,,,,220497,001,,,2026-05-11_14h26.45.540,RUN_BETA,2026.1.0,MacIntel,52.63157895,866.285,866.785,866.785,869.018,[0.42],16,[-0.34],[1],[0],[0],[2.233000000000061],0,181,181,215,1,r1b2s6.png,1081
,,,,,220497,001,,,2026-05-11_14h26.45.540,RUN_BETA,2026.1.0,MacIntel,52.63157895,869.018,869.518,869.518,874.751,[0.3888888888888889],15,[-0.34555555555555556],[1],[0],[0],[5.232999999999947],0,182,182,181,1,r2b1s2.png,585
,,,,,220497,001,,,2026-05-11_14h26.45.540,RUN_BETA,2026.1.0,MacIntel,52.63157895,874.751,875.252,875.252,879.784,[0.3888888888888889],15,[-0.34555555555555556],[1],[0],[0],[4.531999999999925],0,183,183,246,1,r1b1s7.png,2000
,,,,,220497,001,,,2026-05-11_14h26.45.540,RUN_BETA,2026.1.0,MacIntel,52.63157895,879.784,880.284,880.284,882.468,[0.39222222222222225],15,[-0.34555555555555556],[1],[0],[0],[2.183999999999969],0,184,184,62,1,r2b1s3.png,92
,,,,,220497,001,,,2026-05-11_14h26.45.540,RUN_BETA,2026.1.0,MacIntel,52.63157895,882.468,882.968,882.968,884.184,[-0.008888888888888889],10,[-0.3788888888888889],[1],[0],[0],[1.2160000000000082],0,185,185,78,1,r2b2s9.png,92
,,,,,220497,001,,,2026-05-11_14h26.45.540,RUN_BETA,2026.1.0,MacIntel,52.63157895,884.185,884.684,884.685,888.034,[0.26222222222222225],14,[-0.37555555555555553],[1],[0],[0],[3.3489999999999327],0,186,186,275,1,r2b2s6.png,2000
,,,,,220497,001,,,2026-05-11_14h26.45.540,RUN_BETA,2026.1.0,MacIntel,52.63157895,888.035,888.535,888.535,890.818,[0.11666666666666667],12,[-0.33444444444444443],[1],[0],[0],[2.2830000000000155],0,187,187,213,1,r1b2s4.png,1081
,,,,,220497,001,,,2026-05-11_14h26.45.540,RUN_BETA,2026.1.0,MacIntel,52.63157895,890.818,891.318,891.318,894.885,[0.11555555555555555],12,[-0.34],[1],[0],[0],[3.5670000000000073],0,188,188,167,1,r1b1s8.png,585
,,,,,220497,001,,,2026-05-11_14h26.45.540,RUN_BETA,2026.1.0,MacIntel,52.63157895,894.885,895.385,895.385,899.117,[0.11555555555555555],12,[-0.34],[1],[0],[0],[3.731999999999971],0,189,189,72,1,r2b2s3.png,92
,,,,,220497,001,,,2026-05-11_14h26.45.540,RUN_BETA,2026.1.0,MacIntel,52.63157895,899.118,899.618,899.618,902.484,[0.1988888888888889],13,[-0.33444444444444443],[1],[0],[0],[2.8659999999999854],0,190,190,243,1,r1b1s4.png,2000
,,,,,220497,001,,,2026-05-11_14h26.45.540,RUN_BETA,2026.1.0,MacIntel,52.63157895,902.484,902.985,902.985,907.918,[0.1988888888888889],13,[-0.33444444444444443],[1],[0],[0],[4.932000000000016],0,191,191,272,1,r2b2s3.png,2000
,,,,,220497,001,,,2026-05-11_14h26.45.540,RUN_BETA,2026.1.0,MacIntel,52.63157895,907.918,908.417,908.417,909.584,[0.12],12,[-0.38222222222222224],[1],[0],[0],[1.16700000000003],0,192,192,12,1,r1b2s3.png,50
,,,,,220497,001,,,2026-05-11_14h26.45.540,RUN_BETA,2026.1.0,MacIntel,52.63157895,909.584,910.084,910.085,911.734,[-0.3011111111111111],6,[-0.3566666666666667],[1],[0],[0],[1.649000000000001],0,193,193,28,1,r2b1s9.png,50
,,,,,220497,001,,,2026-05-11_14h26.45.540,RUN_BETA,2026.1.0,MacIntel,52.63157895,911.735,912.234,912.235,913.703,[0.17888888888888888],12,[-0.3377777777777778],[1],[0],[0],[1.467999999999961],0,194,194,149,1,r2b1s10.png,316
,,,,,220497,001,,,2026-05-11_14h26.45.540,RUN_BETA,2026.1.0,MacIntel,52.63157895,913.703,914.201,914.201,915.384,[-0.03111111111111111],10,[-0.4122222222222222],[1],[0],[0],[1.1829999999999927],0,195,195,0,1,r1b1s1.png,50
,,,,,220497,001,,,2026-05-11_14h26.45.540,RUN_BETA,2026.1.0,MacIntel,52.63157895,915.384,915.884,915.884,919.234,[0.07555555555555556],[],[0.13333333333333333],[1],[0],[0],[3.3500000000000227],0,196,196,268,1,r2b1s9.png,2000
,,,,,220497,001,,,2026-05-11_14h26.45.540,RUN_BETA,2026.1.0,MacIntel,52.63157895,919.234,919.734,919.734,921.5,[0.5444444444444444],17,[-0.35444444444444445],[1],[0],[0],[1.7659999999999627],0,197,197,117,1,r2b2s8.png,171
,,,,,220497,001,,,2026-05-11_14h26.45.540,RUN_BETA,2026.1.0,MacIntel,52.63157895,921.501,922.001,922.001,922.9,[0.6166666666666667],18,[-0.35888888888888887],[1],[0],[0],[0.8990000000000009],0,198,198,11,1,r1b2s2.png,50
,,,,,220497,001,,,2026-05-11_14h26.45.540,RUN_BETA,2026.1.0,MacIntel,52.63157895,922.901,923.4,923.4,924.084,[0.46],16,[-0.3022222222222222],[1],[0],[0],[0.6840000000000828],0,199,199,92,1,r1b2s3.png,171
,,,,,220497,001,,,2026-05-11_14h26.45.540,RUN_BETA,2026.1.0,MacIntel,52.63157895,924.085,924.584,924.584,925.617,[0.4033333333333333],15,[-0.3488888888888889],[1],[0],[0],[1.0329999999999018],0,200,200,90,1,r1b2s1.png,171
,,,,,220497,001,,,2026-05-11_14h26.45.540,RUN_BETA,2026.1.0,MacIntel,52.63157895,925.617,926.118,926.118,927.151,[0.4311111111111111],16,[-0.3477777777777778],[1],[0],[0],[1.0319999999999254],0,201,201,50,1,r1b2s1.png,92
,,,,,220497,001,,,2026-05-11_14h26.45.540,RUN_BETA,2026.1.0,MacIntel,52.63157895,927.151,927.651,927.651,931.384,[0.2633333333333333],14,[-0.37333333333333335],[1],[0],[0],[3.7329999999999472],0,202,202,264,1,r2b1s5.png,2000
,,,,,220497,001,,,2026-05-11_14h26.45.540,RUN_BETA,2026.1.0,MacIntel,52.63157895,931.384,931.883,931.884,932.967,[0.3511111111111111],15,[-0.33444444444444443],[1],[0],[0],[1.08299999999997],0,203,203,9,1,r1b1s10.png,50
,,,,,220497,001,,,2026-05-11_14h26.45.540,RUN_BETA,2026.1.0,MacIntel,52.63157895,932.967,933.467,933.468,935.051,[0.2588888888888889],14,[-0.33555555555555555],[1],[0],[0],[1.5820000000001073],0,204,204,85,1,r1b1s6.png,171
,,,,,220497,001,,,2026-05-11_14h26.45.540,RUN_BETA,2026.1.0,MacIntel,52.63157895,935.051,935.55,935.55,936.65,[0.1688888888888889],12,[-0.3566666666666667],[1],[0],[0],[1.099999999999909],0,205,205,10,1,r1b2s1.png,50
,,,,,220497,001,,,2026-05-11_14h26.45.540,RUN_BETA,2026.1.0,MacIntel,52.63157895,936.651,937.15,937.151,938.217,[0.005555555555555556],10,[-0.35888888888888887],[1],[0],[0],[1.0659999999999172],0,206,206,15,1,r1b2s6.png,50
,,,,,220497,001,,,2026-05-11_14h26.45.540,RUN_BETA,2026.1.0,MacIntel,52.63157895,938.217,938.716,938.717,939.551,[0.07666666666666666],11,[-0.35333333333333333],[1],[0],[0],[0.83400000000006],0,207,207,22,1,r2b1s3.png,50
,,,,,220497,001,,,2026-05-11_14h26.45.540,RUN_BETA,2026.1.0,MacIntel,52.63157895,939.551,940.051,940.051,941.184,[0.24333333333333335],13,[-0.34444444444444444],[1],[0],[0],[1.1319999999999482],0,208,208,114,1,r2b2s5.png,171
,,,,,220497,001,,,2026-05-11_14h26.45.540,RUN_BETA,2026.1.0,MacIntel,52.63157895,941.184,941.683,941.683,942.867,[0.3566666666666667],15,[-0.34444444444444444],[1],[0],[0],[1.183999999999969],0,209,209,66,1,r2b1s7.png,92
,,,,,220497,001,,,2026-05-11_14h26.45.540,RUN_BETA,2026.1.0,MacIntel,52.63157895,942.867,943.367,943.367,944.653,[0.4211111111111111],16,[-0.35777777777777775],[1],[0],[0],[1.2850000000000819],0,210,210,128,1,r1b1s9.png,316
,,,,,220497,001,,,2026-05-11_14h26.45.540,RUN_BETA,2026.1.0,MacIntel,52.63157895,944.653,945.151,945.151,948.3,[0.47555555555555556],16,[-0.3488888888888889],[1],[0],[0],[3.149000000000001],0,211,211,269,1,r2b1s10.png,2000
,,,,,220497,001,,,2026-05-11_14h26.45.540,RUN_BETA,2026.1.0,MacIntel,52.63157895,948.3,948.8,948.8,949.9,[0.37666666666666665],15,[-0.3622222222222222],[1],[0],[0],[1.099999999999909],0,212,212,49,1,r1b1s10.png,92
,,,,,220497,001,,,2026-05-11_14h26.45.540,RUN_BETA,2026.1.0,MacIntel,52.63157895,949.9,950.4,950.4,953.467,[0.31222222222222223],14,[-0.36666666666666664],[1],[0],[0],[3.0670000000000073],0,213,213,277,1,r2b2s8.png,2000
,,,,,220497,001,,,2026-05-11_14h26.45.540,RUN_BETA,2026.1.0,MacIntel,52.63157895,953.467,953.967,953.967,955.75,[-0.1988888888888889],7,[-0.36333333333333334],[1],[0],[0],[1.7830000000000155],0,214,214,113,1,r2b2s4.png,171
,,,,,220497,001,,,2026-05-11_14h26.45.540,RUN_BETA,2026.1.0,MacIntel,52.63157895,955.751,956.25,956.251,957.634,[0.44222222222222224],16,[-0.36333333333333334],[1],[0],[0],[1.3830000000000382],0,215,215,152,1,r2b2s3.png,316
,,,,,220497,001,,,2026-05-11_14h26.45.540,RUN_BETA,2026.1.0,MacIntel,52.63157895,957.634,958.133,958.133,960.417,[0.2111111111111111],13,[-0.35444444444444445],[1],[0],[0],[2.283999999999992],0,216,216,210,1,r1b2s1.png,1081
,,,,,220497,001,,,2026-05-11_14h26.45.540,RUN_BETA,2026.1.0,MacIntel,52.63157895,960.418,960.917,960.917,962.067,[0.29777777777777775],14,[-0.3522222222222222],[1],[0],[0],[1.1499999999999773],0,217,217,144,1,r2b1s5.png,316
,,,,,220497,001,,,2026-05-11_14h26.45.540,RUN_BETA,2026.1.0,MacIntel,52.63157895,962.067,962.566,962.567,963.667,[0.3377777777777778],15,[-0.33555555555555555],[1],[0],[0],[1.1000000000000227],0,218,218,95,1,r1b2s6.png,171
,,,,,220497,001,,,2026-05-11_14h26.45.540,RUN_BETA,2026.1.0,MacIntel,52.63157895,963.667,964.167,964.167,965.35,[0.058888888888888886],11,[-0.38333333333333336],[1],[0],[0],[1.1829999999999927],0,219,219,147,1,r2b1s8.png,316
,,,,,220497,001,,,2026-05-11_14h26.45.540,RUN_BETA,2026.1.0,MacIntel,52.63157895,965.35,965.85,965.85,968.55,[0.10777777777777778],11,[-0.35444444444444445],[1],[0],[0],[2.7000000000000455],0,220,220,151,1,r2b2s2.png,316
,,,,,220497,001,,,2026-05-11_14h26.45.540,RUN_BETA,2026.1.0,MacIntel,52.63157895,968.55,969.05,969.05,970.784,[0.028888888888888888],10,[-0.33555555555555555],[1],[0],[0],[1.7329999999999472],0,221,221,77,1,r2b2s8.png,92
,,,,,220497,001,,,2026-05-11_14h26.45.540,RUN_BETA,2026.1.0,MacIntel,52.63157895,970.784,971.283,971.284,973.387,[0.17777777777777778],12,[-0.3566666666666667],[1],[0],[0],[2.1030000000000655],0,222,222,205,1,r1b1s6.png,1081
,,,,,220497,001,,,2026-05-11_14h26.45.540,RUN_BETA,2026.1.0,MacIntel,52.63157895,973.387,973.883,973.883,980.083,[0.2011111111111111],13,[-0.36],[1],[0],[0],[6.199999999999932],0,223,223,27,1,r2b1s8.png,50
,,,,,220497,001,,,2026-05-11_14h26.45.540,RUN_BETA,2026.1.0,MacIntel,52.63157895,980.083,980.583,980.584,983.867,[-0.12222222222222222],8,[-0.3877777777777778],[1],[0],[0],[3.2829999999999018],0,224,224,271,1,r2b2s2.png,2000
,,,,,220497,001,,,2026-05-11_14h26.45.540,RUN_BETA,2026.1.0,MacIntel,52.63157895,983.867,984.366,984.367,1001.066,[-0.09333333333333334],9,[-0.35888888888888887],[1],[0],[0],[16.69900000000007],0,225,225,196,1,r2b2s7.png,585
,,,,,220497,001,,,2026-05-11_14h26.45.540,RUN_BETA,2026.1.0,MacIntel,52.63157895,1001.066,1001.566,1001.566,1073.999,[0.0033333333333333335],10,[-0.3111111111111111],[1],[0],[0],[72.4319999999999],0,226,226,36,1,r2b2s7.png,50
,,,,,220497,001,,,2026-05-11_14h26.45.540,RUN_BETA,2026.1.0,MacIntel,52.63157895,1073.999,1074.499,1074.499,1077.432,[-0.25],7,[-0.33111111111111113],[1],[0],[0],[2.9329999999999927],0,227,227,245,1,r1b1s6.png,2000
,,,,,220497,001,,,2026-05-11_14h26.45.540,RUN_BETA,2026.1.0,MacIntel,52.63157895,1077.432,1077.932,1077.932,1095.415,[-0.24],7,[-0.34555555555555556],[1],[0],[0],[17.4820000000002],0,228,228,162,1,r1b1s3.png,585
,,,,,220497,001,,,2026-05-11_14h26.45.540,RUN_BETA,2026.1.0,MacIntel,52.63157895,1095.415,1095.915,1095.915,1099.248,[-0.24],7,[-0.34555555555555556],[1],[0],[0],[3.3329999999998563],0,229,229,159,1,r2b2s10.png,316
,,,,,220497,001,,,2026-05-11_14h26.45.540,RUN_BETA,2026.1.0,MacIntel,52.63157895,1099.248,1099.747,1099.748,1100.899,[-0.1922222222222222],7,[-0.3566666666666667],[1],[0],[0],[1.150000000000091],0,230,230,91,1,r1b2s2.png,171
,,,,,220497,001,,,2026-05-11_14h26.45.540,RUN_BETA,2026.1.0,MacIntel,52.63157895,1100.899,1101.398,1101.398,1102.748,[-0.16555555555555557],8,[-0.3522222222222222],[1],[0],[0],[1.349999999999909],0,231,231,112,1,r2b2s3.png,171
,,,,,220497,001,,,2026-05-11_14h26.45.540,RUN_BETA,2026.1.0,MacIntel,52.63157895,1102.748,1103.248,1103.248,1104.932,[0.3211111111111111],14,[-0.35333333333333333],[1],[0],[0],[1.683999999999969],0,232,232,84,1,r1b1s5.png,171
,,,,,220497,001,,,2026-05-11_14h26.45.540,RUN_BETA,2026.1.0,MacIntel,52.63157895,1104.932,1105.431,1105.431,1108.532,[0.36],15,[-0.35888888888888887],[1],[0],[0],[3.1010000000001128],0,233,233,184,1,r2b1s5.png,585
,,,,,220497,001,,,2026-05-11_14h26.45.540,RUN_BETA,2026.1.0,MacIntel,52.63157895,1108.532,1109.031,1109.032,1110.314,[0.41],16,[-0.35333333333333333],[1],[0],[0],[1.2819999999999254],0,234,234,45,1,r1b1s6.png,92
,,,,,220497,001,,,2026-05-11_14h26.45.540,RUN_BETA,2026.1.0,MacIntel,52.63157895,1110.315,1110.815,1110.815,1114.548,[0.3988888888888889],15,[-0.3522222222222222],[1],[0],[0],[3.7330000000001746],0,235,235,176,1,r1b2s7.png,585
,,,,,220497,001,,,2026-05-11_14h26.45.540,RUN_BETA,2026.1.0,MacIntel,52.63157895,1114.548,1115.048,1115.048,1116.931,[0.3411111111111111],15,[-0.3477777777777778],[1],[0],[0],[1.8829999999998108],0,236,236,175,1,r1b2s6.png,585
,,,,,220497,001,,,2026-05-11_14h26.45.540,RUN_BETA,2026.1.0,MacIntel,52.63157895,1116.931,1117.431,1117.431,1120.881,[0.35777777777777775],15,[-0.3477777777777778],[1],[0],[0],[3.4500000000000455],0,237,237,136,1,r1b2s7.png,316
,,,,,220497,001,,,2026-05-11_14h26.45.540,RUN_BETA,2026.1.0,MacIntel,52.63157895,1120.881,1121.381,1121.382,1125.482,[0.3211111111111111],14,[-0.3477777777777778],[1],[0],[0],[4.100000000000136],0,238,238,133,1,r1b2s4.png,316
,,,,,220497,001,,,2026-05-11_14h26.45.540,RUN_BETA,2026.1.0,MacIntel,52.63157895,1125.482,1125.981,1125.982,1130.514,[0.22555555555555556],13,[-0.35555555555555557],[1],[0],[0],[4.531999999999925],0,239,239,193,1,r2b2s4.png,585
,,,,,220497,001,,,2026-05-11_14h26.45.540,RUN_BETA,2026.1.0,MacIntel,52.63157895,1130.515,1131.015,1131.015,1139.048,[0.23555555555555555],13,[-0.3488888888888889],[1],[0],[0],[8.031999999999925],0,240,240,8,1,r1b1s9.png,50
,,,,,220497,001,,,2026-05-11_14h26.45.540,RUN_BETA,2026.1.0,MacIntel,52.63157895,1139.048,1139.548,1139.548,1140.731,[0.26666666666666666],14,[-0.36333333333333334],[1],[0],[0],[1.1829999999997654],0,241,241,145,1,r2b1s6.png,316
,,,,,220497,001,,,2026-05-11_14h26.45.540,RUN_BETA,2026.1.0,MacIntel,52.63157895,1140.731,1141.231,1141.231,1143.764,[0.3188888888888889],14,[-0.36777777777777776],[1],[0],[0],[2.533000000000129],0,242,242,220,1,r2b1s1.png,1081
,,,,,220497,001,,,2026-05-11_14h26.45.540,RUN_BETA,2026.1.0,MacIntel,52.63157895,1143.764,1144.264,1144.264,1145.614,[0.4222222222222222],16,[-0.3711111111111111],[1],[0],[0],[1.349999999999909],0,243,243,127,1,r1b1s8.png,316
,,,,,220497,001,,,2026-05-11_14h26.45.540,RUN_BETA,2026.1.0,MacIntel,52.63157895,1145.615,1146.114,1146.114,1149.014,[-0.26222222222222225],6,[-0.34555555555555556],[1],[0],[0],[2.900000000000091],0,244,244,233,1,r2b2s4.png,1081
,,,,,220497,001,,,2026-05-11_14h26.45.540,RUN_BETA,2026.1.0,MacIntel,52.63157895,1149.015,1149.513,1149.514,1151.081,[0.2922222222222222],14,[-0.3522222222222222],[1],[0],[0],[1.5670000000000073],0,245,245,124,1,r1b1s5.png,316
,,,,,220497,001,,,2026-05-11_14h26.45.540,RUN_BETA,2026.1.0,MacIntel,52.63157895,1151.081,1151.581,1151.581,1153.664,[0.4177777777777778],16,[-0.38],[1],[0],[0],[2.0830000000000837],0,246,246,232,1,r2b2s3.png,1081
,,,,,220497,001,,,2026-05-11_14h26.45.540,RUN_BETA,2026.1.0,MacIntel,52.63157895,1153.664,1154.164,1154.164,1156.848,[0.2922222222222222],14,[-0.36666666666666664],[1],[0],[0],[2.6829999999999927],0,247,247,200,1,r1b1s1.png,1081
,,,,,220497,001,,,2026-05-11_14h26.45.540,RUN_BETA,2026.1.0,MacIntel,52.63157895,1156.848,1157.347,1157.348,1160.931,[-0.26222222222222225],6,[-0.3388888888888889],[1],[0],[0],[3.5829999999998563],0,248,248,251,1,r1b2s2.png,2000
,,,,,220497,001,,,2026-05-11_14h26.45.540,RUN_BETA,2026.1.0,MacIntel,52.63157895,1160.931,1161.431,1161.431,1165.064,[-0.24444444444444444],7,[-0.3522222222222222],[1],[0],[0],[3.633000000000038],0,249,249,256,1,r1b2s7.png,2000
,,,,,220497,001,,,2026-05-11_14h26.45.540,RUN_BETA,2026.1.0,MacIntel,52.63157895,1165.064,1165.564,1165.564,1167.381,[-0.19555555555555557],7,[-0.36777777777777776],[1],[0],[0],[1.816000000000031],0,250,250,21,1,r2b1s2.png,50
,,,,,220497,001,,,2026-05-11_14h26.45.540,RUN_BETA,2026.1.0,MacIntel,52.63157895,1167.381,1167.881,1167.881,1170.131,[-0.1811111111111111],8,[-0.36666666666666664],[1],[0],[0],[2.25],0,251,251,170,1,r1b2s1.png,585
,,,,,220497,001,,,2026-05-11_14h26.45.540,RUN_BETA,2026.1.0,MacIntel,52.63157895,1170.131,1170.631,1170.631,1171.931,[-0.14222222222222222],8,[-0.35777777777777775],[1],[0],[0],[1.2999999999999545],0,252,252,80,1,r1b1s1.png,171
,,,,,220497,001,,,2026-05-11_14h26.45.540,RUN_BETA,2026.1.0,MacIntel,52.63157895,1171.931,1172.431,1172.431,1174.764,[-0.08777777777777777],9,[-0.36777777777777776],[1],[0],[0],[2.3330000000000837],0,253,253,38,1,r2b2s9.png,50
,,,,,220497,001,,,2026-05-11_14h26.45.540,RUN_BETA,2026.1.0,MacIntel,52.63157895,1174.764,1175.263,1175.263,1177.097,[-0.08777777777777777],9,[-0.35444444444444445],[1],[0],[0],[1.83400000000006],0,254,254,19,1,r1b2s10.png,50
,,,,,220497,001,,,2026-05-11_14h26.45.540,RUN_BETA,2026.1.0,MacIntel,52.63157895,1177.098,1177.597,1177.598,1183.147,[-0.04],9,[-0.3522222222222222],[1],[0],[0],[5.548999999999978],0,255,255,43,1,r1b1s4.png,92
,,,,,220497,001,,,2026-05-11_14h26.45.540,RUN_BETA,2026.1.0,MacIntel,52.63157895,1183.147,1183.647,1183.647,1186.847,[0.38333333333333336],15,[-0.36],[1],[0],[0],[3.2000000000000455],0,256,256,259,1,r1b2s10.png,2000
,,,,,220497,001,,,2026-05-11_14h26.45.540,RUN_BETA,2026.1.0,MacIntel,52.63157895,1186.847,1187.347,1187.347,1190.481,[0.3888888888888889],15,[-0.35555555555555557],[1],[0],[0],[3.132999999999811],0,257,257,255,1,r1b2s6.png,2000
,,,,,220497,001,,,2026-05-11_14h26.45.540,RUN_BETA,2026.1.0,MacIntel,52.63157895,1190.481,1190.98,1190.981,1192.33,[0.3466666666666667],15,[-0.35],[1],[0],[0],[1.34900000000016],0,258,258,102,1,r2b1s3.png,171
,,,,,220497,001,,,2026-05-11_14h26.45.540,RUN_BETA,2026.1.0,MacIntel,52.63157895,1192.331,1192.831,1192.831,1194.914,[0.3888888888888889],15,[-0.3511111111111111],[1],[0],[0],[2.0830000000000837],0,259,259,204,1,r1b1s5.png,1081
,,,,,220497,001,,,2026-05-11_14h26.45.540,RUN_BETA,2026.1.0,MacIntel,52.63157895,1194.914,1195.413,1195.414,1197.13,[0.10333333333333333],11,[-0.36],[1],[0],[0],[1.7159999999998945],0,260,260,115,1,r2b2s6.png,171
,,,,,220497,001,,,2026-05-11_14h26.45.540,RUN_BETA,2026.1.0,MacIntel,52.63157895,1197.13,1197.63,1197.631,1199.547,[0.06777777777777778],11,[-0.35333333333333333],[1],[0],[0],[1.91599999999994],0,261,261,130,1,r1b2s1.png,316
,,,,,220497,001,,,2026-05-11_14h26.45.540,RUN_BETA,2026.1.0,MacIntel,52.63157895,1199.547,1200.047,1200.047,1201.597,[-0.23333333333333334],7,[-0.35444444444444445],[1],[0],[0],[1.550000000000182],0,262,262,24,1,r2b1s5.png,50
,,,,,220497,001,,,2026-05-11_14h26.45.540,RUN_BETA,2026.1.0,MacIntel,52.63157895,1201.597,1202.097,1202.097,1205.997,[-0.08666666666666667],9,[-0.37222222222222223],[1],[0],[0],[3.8999999999998636],0,263,263,140,1,r2b1s1.png,316
,,,,,220497,001,,,2026-05-11_14h26.45.540,RUN_BETA,2026.1.0,MacIntel,52.63157895,1205.997,1206.497,1206.497,1211.113,[0.29888888888888887],14,[-0.33666666666666667],[1],[0],[0],[4.6159999999999854],0,264,264,254,1,r1b2s5.png,2000
,,,,,220497,001,,,2026-05-11_14h26.45.540,RUN_BETA,2026.1.0,MacIntel,52.63157895,1211.113,1211.613,1211.613,1214.197,[-0.21888888888888888],7,[-0.3466666666666667],[1],[0],[0],[2.5830000000000837],0,265,265,203,1,r1b1s4.png,1081
,,,,,220497,001,,,2026-05-11_14h26.45.540,RUN_BETA,2026.1.0,MacIntel,52.63157895,1214.197,1214.696,1214.697,1216.647,[-0.14],8,[-0.34444444444444444],[1],[0],[0],[1.9500000000000455],0,266,266,188,1,r2b1s9.png,585
,,,,,220497,001,,,2026-05-11_14h26.45.540,RUN_BETA,2026.1.0,MacIntel,52.63157895,1216.647,1217.147,1217.147,1219.763,[-0.03666666666666667],9,[-0.3522222222222222],[1],[0],[0],[2.6159999999999854],0,267,267,201,1,r1b1s2.png,1081
,,,,,220497,001,,,2026-05-11_14h26.45.540,RUN_BETA,2026.1.0,MacIntel,52.63157895,1219.763,1220.263,1220.264,1223.78,[0.1111111111111111],11,[-0.36],[1],[0],[0],[3.5160000000000764],0,268,268,250,1,r1b2s1.png,2000
,,,,,220497,001,,,2026-05-11_14h26.45.540,RUN_BETA,2026.1.0,MacIntel,52.63157895,1223.78,1224.28,1224.28,1227.647,[0.13333333333333333],12,[-0.36],[1],[0],[0],[3.366999999999962],0,269,269,104,1,r2b1s5.png,171
,,,,,220497,001,,,2026-05-11_14h26.45.540,RUN_BETA,2026.1.0,MacIntel,52.63157895,1227.647,1228.146,1228.147,1230.263,[0.13333333333333333],12,[-0.36],[1],[0],[0],[2.1159999999999854],0,270,270,99,1,r1b2s10.png,171
,,,,,220497,001,,,2026-05-11_14h26.45.540,RUN_BETA,2026.1.0,MacIntel,52.63157895,1230.264,1230.763,1230.763,1243.38,[0.011111111111111112],10,[-0.33555555555555555],[1],[0],[0],[12.616999999999962],0,271,271,226,1,r2b1s7.png,1081
,,,,,220497,001,,,2026-05-11_14h26.45.540,RUN_BETA,2026.1.0,MacIntel,52.63157895,1243.38,1243.879,1243.88,1246.38,[-0.24555555555555555],7,[-0.3488888888888889],[1],[0],[0],[2.4990000000000236],0,272,272,171,1,r1b2s2.png,585
,,,,,220497,001,,,2026-05-11_14h26.45.540,RUN_BETA,2026.1.0,MacIntel,52.63157895,1246.38,1246.88,1246.88,1248.563,[-0.2011111111111111],7,[-0.36666666666666664],[1],[0],[0],[1.6829999999999927],0,273,273,96,1,r1b2s7.png,171
,,,,,220497,001,,,2026-05-11_14h26.45.540,RUN_BETA,2026.1.0,MacIntel,52.63157895,1248.563,1249.063,1249.063,1250.379,[-0.02],10,[-0.37222222222222223],[1],[0],[0],[1.316000000000031],0,274,274,53,1,r1b2s4.png,92
,,,,,220497,001,,,2026-05-11_14h26.45.540,RUN_BETA,2026.1.0,MacIntel,52.63157895,1250.38,1250.88,1250.88,1254.296,[-0.11666666666666667],8,[-0.33555555555555555],[1],[0],[0],[3.41599999999994],0,275,275,273,1,r2b2s4.png,2000
,,,,,220497,001,,,2026-05-11_14h26.45.540,RUN_BETA,2026.1.0,MacIntel,52.63157895,1254.296,1254.796,1254.796,1256.28,[0.017777777777777778],10,[-0.34555555555555556],[1],[0],[0],[1.484000000000151],0,276,276,39,1,r2b2s10.png,50
,,,,,220497,001,,,2026-05-11_14h26.45.540,RUN_BETA,2026.1.0,MacIntel,52.63157895,1256.28,1256.779,1256.779,1275.463,[-0.015853658536585366],10,[-0.3670731707317073],[1],[0],[0],[18.68399999999974],0,277,277,129,1,r1b1s10.png,316
,,,,,220497,001,,,2026-05-11_14h26.45.540,RUN_BETA,2026.1.0,MacIntel,52.63157895,1275.463,1275.962,1275.963,1277.446,[0.35],15,[-0.3670731707317073],[1],[0],[0],[1.4829999999999472],0,278,278,67,1,r2b1s8.png,92
,,,,,220497,001,,,2026-05-11_14h26.45.540,RUN_BETA,2026.1.0,MacIntel,52.63157895,1277.446,1277.946,1277.946,1280.962,[0.4317073170731707],16,[-0.35365853658536583],[1],[0],[0],[3.0160000000000764],0,279,279,266,1,r2b1s7.png,2000
